2025-2026中国企业协同办公市场研究报告.txt	4
2026年Q1经营分析报告.txt	3
2026年Q2经营分析报告.txt	3
2026年中国AI大模型应用落地报告.txt	3
2026年五一劳动节放假通知.txt	1
2026年度预算方案_摘要.txt	3
2026年春节放假通知.txt	1
AI-Agent学习路线图.pdf	23
browser_acceptance_policy.txt	1
CTO技术分享_从RabbitMQ到Pulsar的迁移.txt	4
GB-T 22239-2019 信息安全技术等保三级要求.txt	5
ISO27001信息安全管理体系_简介.txt	4
IT安全管理制度V3.1.txt	7
MYBI_V3.1_更新日志.txt	3
MYBI数据分析平台_技术白皮书.txt	7
MYBI_数据模型设计文档.txt	5
MYBI_数据源接入手册.txt	3
MYBI_私有化部署手册.txt	12
MYBI_部署手册V1.0.txt	4
MYBI_部署手册V2.0.txt	6
MYO_API接口文档_V1.txt	8
MYOps_V2.0_更新日志.txt	3
MYOps_告警规则配置指南.txt	4
MYOps智能运维平台_产品手册.txt	6
MYOps_部署与运维手册.txt	7
MYO_V5.3_更新日志.txt	2
MYO_V5.4_更新日志.txt	2
MYO协同办公平台_产品白皮书.txt	5
MYO_安全白皮书_对外版.txt	3
MYO消息模块_性能回归测试报告.txt	4
MYO_私有化部署手册.txt	9
中国制造业数字化转型白皮书_2025.txt	3
中国数据安全法_重点条款解读.txt	4
中国网络安全法_相关条款摘要.txt	3
产品技术手册.txt	11
仓库管理标准操作规程.txt	5
企业管理制度手册.txt	25
供应商管理制度_含评估表.txt	3
信息资产管理规范.txt	3
全球企业级SaaS市场分析_2025.txt	4
公司年会_优秀员工获奖感言.txt	1
公司年会流程_2025年度.txt	2
六级作文模板.docx	5
内部审计制度.txt	2
制度与口径登记表.txt	11
前台接待标准流程.txt	3
合同管理办法_法务版.txt	3
员工培训与发展管理办法.txt	3
员工手册_2024试行版.txt	2
员工手册_2025正式版.txt	3
员工绩效考核办法V1.0.txt	5
员工绩效考核办法V2.0.txt	5
团建活动通知_2026春季.txt	1
安全生产管理制度.txt	6
客户数据保护政策_正式稿.txt	3
客户数据保护政策_草稿.txt	2
客户服务管理制度.txt	3
差旅费报销细则_2026版.txt	3
市场营销策略_2025版.txt	2
市场营销策略_2026版.txt	3
市场部_2026百度SEM投放方案.txt	2
年度经营报告2026H1.txt	12
数据备份与灾备管理规范.txt	3
新员工入职指南_V2.txt	3
案例_万科物业.txt	2
案例_中原重工集团.txt	3
案例_中国银行深圳分行.txt	3
案例_京东物流华东区.txt	3
案例_华为松山湖基地.txt	3
案例_国信证券.txt	3
案例_广东省人民医院.txt	3
案例_广厦建设集团.txt	3
案例_新东方教育集团.txt	2
案例_明达律师事务所.txt	3
案例_杭州银行.txt	3
案例_比亚迪电池事业部.txt	3
案例_深圳地铁运营公司.txt	2
案例_瑞康医药.txt	3
案例_美的集团供应链.txt	3
档案管理办法.txt	2
消防安全管理规定.txt	3
深度学习入门：基于Python的理论与实现.pdf	586
深度学习技术栈学习路线.pdf	14
知识产权与专利管理制度.txt	3
研发中心_代码规范_V2.txt	5
离职员工告别信_模板.txt	1
竞品监控报告_2026年4月.txt	2
考勤与假期管理办法.txt	3
行政通知_空调维修说明.txt	1
财务管理制度_V2.0.txt	5
费用报销管理制度V2.1.txt	3
软件产品增值税即征即退政策.txt	2
远程办公管理规范_临时版.txt	2
远程办公管理规范_正式版.txt	3
采购管理制度_最新.txt	3
销售策略与客户案例.txt	13
销售话术培训_应对话术集.txt	2
销售部2026年Q2会议纪要.txt	3
项目管理周会纪要_20260420.txt	3
高新技术企业认定管理办法_摘录.txt	3
