source	question_id	verdict	first_diff_rank	set_overlap	jaccard	chroma_len	pg_len	chroma_empty	id_in_no_evidence_29	chroma_ids	pg_ids
business_evaluation_100.jsonl	doc-01	DIFF	2	0.800	0.667	5	5			browser_acceptance_policy.txt_0 差旅费报销细则_2026版.txt_2 差旅费报销细则_2026版.txt_0 深度学习入门：基于Python的理论与实现.pdf_436 公司年会流程_2025年度.txt_1	browser_acceptance_policy.txt_0 差旅费报销细则_2026版.txt_2 深度学习入门：基于Python的理论与实现.pdf_510 差旅费报销细则_2026版.txt_0 深度学习入门：基于Python的理论与实现.pdf_436
business_evaluation_100.jsonl	doc-02	DIFF	0	0.600	0.429	5	5			深度学习入门：基于Python的理论与实现.pdf_290 深度学习入门：基于Python的理论与实现.pdf_188 深度学习入门：基于Python的理论与实现.pdf_288 销售话术培训_应对话术集.txt_1 深度学习入门：基于Python的理论与实现.pdf_200	深度学习入门：基于Python的理论与实现.pdf_510 深度学习入门：基于Python的理论与实现.pdf_290 深度学习入门：基于Python的理论与实现.pdf_502 深度学习入门：基于Python的理论与实现.pdf_188 深度学习入门：基于Python的理论与实现.pdf_288
business_evaluation_100.jsonl	doc-03	DIFF	2	0.800	0.667	5	5			browser_acceptance_policy.txt_0 差旅费报销细则_2026版.txt_2 差旅费报销细则_2026版.txt_0 企业管理制度手册.txt_4 公司年会流程_2025年度.txt_1	browser_acceptance_policy.txt_0 差旅费报销细则_2026版.txt_2 深度学习入门：基于Python的理论与实现.pdf_510 差旅费报销细则_2026版.txt_0 企业管理制度手册.txt_4
business_evaluation_100.jsonl	doc-04	SAME	-	1.000	1.000	5	5			GB-T 22239-2019 信息安全技术等保三级要求.txt_4 GB-T 22239-2019 信息安全技术等保三级要求.txt_3 GB-T 22239-2019 信息安全技术等保三级要求.txt_0 档案管理办法.txt_0 客户数据保护政策_正式稿.txt_0	GB-T 22239-2019 信息安全技术等保三级要求.txt_4 GB-T 22239-2019 信息安全技术等保三级要求.txt_3 GB-T 22239-2019 信息安全技术等保三级要求.txt_0 档案管理办法.txt_0 客户数据保护政策_正式稿.txt_0
business_evaluation_100.jsonl	doc-05	DIFF	0	0.600	0.429	5	5			深度学习入门：基于Python的理论与实现.pdf_290 深度学习入门：基于Python的理论与实现.pdf_188 销售话术培训_应对话术集.txt_1 深度学习入门：基于Python的理论与实现.pdf_288 深度学习入门：基于Python的理论与实现.pdf_200	深度学习入门：基于Python的理论与实现.pdf_510 深度学习入门：基于Python的理论与实现.pdf_290 深度学习入门：基于Python的理论与实现.pdf_502 深度学习入门：基于Python的理论与实现.pdf_188 销售话术培训_应对话术集.txt_1
business_evaluation_100.jsonl	doc-06	DIFF	0	0.600	0.429	5	5			深度学习入门：基于Python的理论与实现.pdf_290 深度学习入门：基于Python的理论与实现.pdf_188 深度学习入门：基于Python的理论与实现.pdf_288 深度学习入门：基于Python的理论与实现.pdf_200 销售话术培训_应对话术集.txt_1	深度学习入门：基于Python的理论与实现.pdf_510 深度学习入门：基于Python的理论与实现.pdf_290 深度学习入门：基于Python的理论与实现.pdf_502 深度学习入门：基于Python的理论与实现.pdf_188 深度学习入门：基于Python的理论与实现.pdf_288
business_evaluation_100.jsonl	doc-07	SAME	-	1.000	1.000	5	5		YES	差旅费报销细则_2026版.txt_1 差旅费报销细则_2026版.txt_2 员工培训与发展管理办法.txt_2 深度学习入门：基于Python的理论与实现.pdf_281 远程办公管理规范_临时版.txt_1	差旅费报销细则_2026版.txt_1 差旅费报销细则_2026版.txt_2 员工培训与发展管理办法.txt_2 深度学习入门：基于Python的理论与实现.pdf_281 远程办公管理规范_临时版.txt_1
business_evaluation_100.jsonl	doc-08	SAME	-	1.000	1.000	5	5			browser_acceptance_policy.txt_0 深度学习入门：基于Python的理论与实现.pdf_436 深度学习入门：基于Python的理论与实现.pdf_117 制度与口径登记表.txt_3 深度学习入门：基于Python的理论与实现.pdf_202	browser_acceptance_policy.txt_0 深度学习入门：基于Python的理论与实现.pdf_436 深度学习入门：基于Python的理论与实现.pdf_117 制度与口径登记表.txt_3 深度学习入门：基于Python的理论与实现.pdf_202
business_evaluation_100.jsonl	doc-09	DIFF	0	0.000	0.000	0	5	YES			采购管理制度_最新.txt_2 深度学习入门：基于Python的理论与实现.pdf_286 深度学习入门：基于Python的理论与实现.pdf_436 深度学习入门：基于Python的理论与实现.pdf_48 深度学习入门：基于Python的理论与实现.pdf_114
business_evaluation_100.jsonl	doc-10	DIFF	0	0.600	0.429	5	5			深度学习入门：基于Python的理论与实现.pdf_290 深度学习入门：基于Python的理论与实现.pdf_188 深度学习入门：基于Python的理论与实现.pdf_288 销售话术培训_应对话术集.txt_1 深度学习入门：基于Python的理论与实现.pdf_200	深度学习入门：基于Python的理论与实现.pdf_510 深度学习入门：基于Python的理论与实现.pdf_290 深度学习入门：基于Python的理论与实现.pdf_502 深度学习入门：基于Python的理论与实现.pdf_188 深度学习入门：基于Python的理论与实现.pdf_288
business_evaluation_100.jsonl	doc-11	DIFF	1	0.800	0.667	5	5			深度学习入门：基于Python的理论与实现.pdf_375 制度与口径登记表.txt_7 深度学习入门：基于Python的理论与实现.pdf_47 深度学习入门：基于Python的理论与实现.pdf_387 深度学习入门：基于Python的理论与实现.pdf_288	深度学习入门：基于Python的理论与实现.pdf_375 深度学习入门：基于Python的理论与实现.pdf_356 制度与口径登记表.txt_7 深度学习入门：基于Python的理论与实现.pdf_47 深度学习入门：基于Python的理论与实现.pdf_387
business_evaluation_100.jsonl	doc-12	DIFF	0	0.600	0.429	5	5			深度学习入门：基于Python的理论与实现.pdf_160 深度学习入门：基于Python的理论与实现.pdf_200 深度学习入门：基于Python的理论与实现.pdf_547 深度学习入门：基于Python的理论与实现.pdf_48 深度学习入门：基于Python的理论与实现.pdf_288	深度学习入门：基于Python的理论与实现.pdf_224 深度学习入门：基于Python的理论与实现.pdf_510 深度学习入门：基于Python的理论与实现.pdf_160 深度学习入门：基于Python的理论与实现.pdf_200 深度学习入门：基于Python的理论与实现.pdf_547
business_evaluation_100.jsonl	doc-13	DIFF	0	0.000	0.000	0	5	YES			制度与口径登记表.txt_3 制度与口径登记表.txt_2 制度与口径登记表.txt_0 制度与口径登记表.txt_10 制度与口径登记表.txt_7
business_evaluation_100.jsonl	doc-14	SAME	-	1.000	1.000	5	5		YES	深度学习入门：基于Python的理论与实现.pdf_286 深度学习入门：基于Python的理论与实现.pdf_358 深度学习入门：基于Python的理论与实现.pdf_50 深度学习入门：基于Python的理论与实现.pdf_48 前台接待标准流程.txt_0	深度学习入门：基于Python的理论与实现.pdf_286 深度学习入门：基于Python的理论与实现.pdf_358 深度学习入门：基于Python的理论与实现.pdf_50 深度学习入门：基于Python的理论与实现.pdf_48 前台接待标准流程.txt_0
business_evaluation_100.jsonl	doc-15	SAME	-	1.000	1.000	5	5		YES	费用报销管理制度V2.1.txt_2 深度学习入门：基于Python的理论与实现.pdf_164 深度学习入门：基于Python的理论与实现.pdf_298 深度学习入门：基于Python的理论与实现.pdf_48 深度学习入门：基于Python的理论与实现.pdf_290	费用报销管理制度V2.1.txt_2 深度学习入门：基于Python的理论与实现.pdf_164 深度学习入门：基于Python的理论与实现.pdf_298 深度学习入门：基于Python的理论与实现.pdf_48 深度学习入门：基于Python的理论与实现.pdf_290
business_evaluation_100.jsonl	doc-16	SAME	-	1.000	1.000	5	5			深度学习入门：基于Python的理论与实现.pdf_52 深度学习入门：基于Python的理论与实现.pdf_436 深度学习入门：基于Python的理论与实现.pdf_286 采购管理制度_最新.txt_2 深度学习入门：基于Python的理论与实现.pdf_114	深度学习入门：基于Python的理论与实现.pdf_52 深度学习入门：基于Python的理论与实现.pdf_436 深度学习入门：基于Python的理论与实现.pdf_286 采购管理制度_最新.txt_2 深度学习入门：基于Python的理论与实现.pdf_114
business_evaluation_100.jsonl	doc-17	SAME	-	1.000	1.000	5	5		YES	browser_acceptance_policy.txt_0 差旅费报销细则_2026版.txt_0 离职员工告别信_模板.txt_0 差旅费报销细则_2026版.txt_2 考勤与假期管理办法.txt_0	browser_acceptance_policy.txt_0 差旅费报销细则_2026版.txt_0 离职员工告别信_模板.txt_0 差旅费报销细则_2026版.txt_2 考勤与假期管理办法.txt_0
business_evaluation_100.jsonl	doc-18	SAME	-	1.000	1.000	5	5			制度与口径登记表.txt_3 深度学习入门：基于Python的理论与实现.pdf_52 差旅费报销细则_2026版.txt_0 深度学习入门：基于Python的理论与实现.pdf_288 深度学习入门：基于Python的理论与实现.pdf_472	制度与口径登记表.txt_3 深度学习入门：基于Python的理论与实现.pdf_52 差旅费报销细则_2026版.txt_0 深度学习入门：基于Python的理论与实现.pdf_288 深度学习入门：基于Python的理论与实现.pdf_472
business_evaluation_100.jsonl	doc-19	DIFF	3	0.800	0.667	5	5			案例_中国银行深圳分行.txt_2 案例_国信证券.txt_2 案例_瑞康医药.txt_2 深度学习入门：基于Python的理论与实现.pdf_40 MYO_V5.4_更新日志.txt_1	案例_中国银行深圳分行.txt_2 案例_国信证券.txt_2 案例_瑞康医药.txt_2 深度学习入门：基于Python的理论与实现.pdf_567 深度学习入门：基于Python的理论与实现.pdf_40
business_evaluation_100.jsonl	chat-01	SAME	-	1.000	1.000	5	5			年度经营报告2026H1.txt_1 2026年Q2经营分析报告.txt_2 深度学习入门：基于Python的理论与实现.pdf_282 2026年度预算方案_摘要.txt_1 年度经营报告2026H1.txt_3	年度经营报告2026H1.txt_1 2026年Q2经营分析报告.txt_2 深度学习入门：基于Python的理论与实现.pdf_282 2026年度预算方案_摘要.txt_1 年度经营报告2026H1.txt_3
business_evaluation_100.jsonl	chat-02	SAME	-	1.000	1.000	5	5		YES	深度学习入门：基于Python的理论与实现.pdf_286 员工培训与发展管理办法.txt_2 前台接待标准流程.txt_0 制度与口径登记表.txt_0 深度学习入门：基于Python的理论与实现.pdf_52	深度学习入门：基于Python的理论与实现.pdf_286 员工培训与发展管理办法.txt_2 前台接待标准流程.txt_0 制度与口径登记表.txt_0 深度学习入门：基于Python的理论与实现.pdf_52
business_evaluation_100.jsonl	chat-03	SAME	-	1.000	1.000	5	5			深度学习入门：基于Python的理论与实现.pdf_245 深度学习入门：基于Python的理论与实现.pdf_44 深度学习入门：基于Python的理论与实现.pdf_375 深度学习入门：基于Python的理论与实现.pdf_288 深度学习入门：基于Python的理论与实现.pdf_233	深度学习入门：基于Python的理论与实现.pdf_245 深度学习入门：基于Python的理论与实现.pdf_44 深度学习入门：基于Python的理论与实现.pdf_375 深度学习入门：基于Python的理论与实现.pdf_288 深度学习入门：基于Python的理论与实现.pdf_233
business_evaluation_100.jsonl	chat-04	SAME	-	1.000	1.000	5	5			深度学习入门：基于Python的理论与实现.pdf_536 深度学习入门：基于Python的理论与实现.pdf_52 深度学习入门：基于Python的理论与实现.pdf_563 深度学习入门：基于Python的理论与实现.pdf_113 深度学习入门：基于Python的理论与实现.pdf_279	深度学习入门：基于Python的理论与实现.pdf_536 深度学习入门：基于Python的理论与实现.pdf_52 深度学习入门：基于Python的理论与实现.pdf_563 深度学习入门：基于Python的理论与实现.pdf_113 深度学习入门：基于Python的理论与实现.pdf_279
business_evaluation_100.jsonl	chat-05	SAME	-	1.000	1.000	5	5			离职员工告别信_模板.txt_0 深度学习入门：基于Python的理论与实现.pdf_44 深度学习入门：基于Python的理论与实现.pdf_419 销售话术培训_应对话术集.txt_1 六级作文模板.docx_4	离职员工告别信_模板.txt_0 深度学习入门：基于Python的理论与实现.pdf_44 深度学习入门：基于Python的理论与实现.pdf_419 销售话术培训_应对话术集.txt_1 六级作文模板.docx_4
business_evaluation_100.jsonl	chat-06	SAME	-	1.000	1.000	5	5			员工培训与发展管理办法.txt_2 安全生产管理制度.txt_5 知识产权与专利管理制度.txt_2 差旅费报销细则_2026版.txt_2 市场营销策略_2026版.txt_2	员工培训与发展管理办法.txt_2 安全生产管理制度.txt_5 知识产权与专利管理制度.txt_2 差旅费报销细则_2026版.txt_2 市场营销策略_2026版.txt_2
business_evaluation_100.jsonl	chat-07	SAME	-	1.000	1.000	5	5			深度学习入门：基于Python的理论与实现.pdf_40 深度学习入门：基于Python的理论与实现.pdf_436 深度学习入门：基于Python的理论与实现.pdf_113 深度学习入门：基于Python的理论与实现.pdf_563 深度学习入门：基于Python的理论与实现.pdf_288	深度学习入门：基于Python的理论与实现.pdf_40 深度学习入门：基于Python的理论与实现.pdf_436 深度学习入门：基于Python的理论与实现.pdf_113 深度学习入门：基于Python的理论与实现.pdf_563 深度学习入门：基于Python的理论与实现.pdf_288
business_evaluation_100.jsonl	chat-08	DIFF	2	0.600	0.429	5	5		YES	深度学习入门：基于Python的理论与实现.pdf_113 深度学习入门：基于Python的理论与实现.pdf_114 深度学习入门：基于Python的理论与实现.pdf_108 深度学习入门：基于Python的理论与实现.pdf_200 财务管理制度_V2.0.txt_0	深度学习入门：基于Python的理论与实现.pdf_113 深度学习入门：基于Python的理论与实现.pdf_114 深度学习入门：基于Python的理论与实现.pdf_510 深度学习入门：基于Python的理论与实现.pdf_108 深度学习入门：基于Python的理论与实现.pdf_451
business_evaluation_100.jsonl	chat-09	SAME	-	1.000	1.000	5	5		YES	深度学习入门：基于Python的理论与实现.pdf_286 深度学习入门：基于Python的理论与实现.pdf_358 深度学习入门：基于Python的理论与实现.pdf_106 深度学习入门：基于Python的理论与实现.pdf_50 六级作文模板.docx_2	深度学习入门：基于Python的理论与实现.pdf_286 深度学习入门：基于Python的理论与实现.pdf_358 深度学习入门：基于Python的理论与实现.pdf_106 深度学习入门：基于Python的理论与实现.pdf_50 六级作文模板.docx_2
business_evaluation_100.jsonl	chat-10	DIFF	0	0.600	0.429	5	5			离职员工告别信_模板.txt_0 案例_广东省人民医院.txt_2 销售话术培训_应对话术集.txt_1 深度学习入门：基于Python的理论与实现.pdf_52 公司年会_优秀员工获奖感言.txt_0	深度学习入门：基于Python的理论与实现.pdf_502 离职员工告别信_模板.txt_0 案例_广东省人民医院.txt_2 销售话术培训_应对话术集.txt_1 深度学习入门：基于Python的理论与实现.pdf_405
business_evaluation_100.jsonl	chat-11	SAME	-	1.000	1.000	5	5		YES	案例_万科物业.txt_1 市场营销策略_2026版.txt_2 年度经营报告2026H1.txt_1 年度经营报告2026H1.txt_3 2026年度预算方案_摘要.txt_1	案例_万科物业.txt_1 市场营销策略_2026版.txt_2 年度经营报告2026H1.txt_1 年度经营报告2026H1.txt_3 2026年度预算方案_摘要.txt_1
business_evaluation_100.jsonl	chat-12	DIFF	1	0.800	0.667	5	5		YES	考勤与假期管理办法.txt_1 2026年度预算方案_摘要.txt_2 2026年春节放假通知.txt_0 深度学习入门：基于Python的理论与实现.pdf_538 ISO27001信息安全管理体系_简介.txt_3	考勤与假期管理办法.txt_1 深度学习入门：基于Python的理论与实现.pdf_510 2026年度预算方案_摘要.txt_2 2026年春节放假通知.txt_0 深度学习入门：基于Python的理论与实现.pdf_538
business_evaluation_100.jsonl	metric-01	SAME	-	1.000	1.000	5	5			深度学习入门：基于Python的理论与实现.pdf_288 财务管理制度_V2.0.txt_2 深度学习入门：基于Python的理论与实现.pdf_297 案例_国信证券.txt_0 深度学习入门：基于Python的理论与实现.pdf_286	深度学习入门：基于Python的理论与实现.pdf_288 财务管理制度_V2.0.txt_2 深度学习入门：基于Python的理论与实现.pdf_297 案例_国信证券.txt_0 深度学习入门：基于Python的理论与实现.pdf_286
business_evaluation_100.jsonl	metric-02	DIFF	0	0.600	0.429	5	5			深度学习入门：基于Python的理论与实现.pdf_290 销售话术培训_应对话术集.txt_1 深度学习入门：基于Python的理论与实现.pdf_188 深度学习入门：基于Python的理论与实现.pdf_288 年度经营报告2026H1.txt_11	深度学习入门：基于Python的理论与实现.pdf_510 深度学习入门：基于Python的理论与实现.pdf_290 深度学习入门：基于Python的理论与实现.pdf_502 销售话术培训_应对话术集.txt_1 深度学习入门：基于Python的理论与实现.pdf_188
business_evaluation_100.jsonl	metric-03	DIFF	3	0.800	0.667	5	5			browser_acceptance_policy.txt_0 企业管理制度手册.txt_3 企业管理制度手册.txt_4 差旅费报销细则_2026版.txt_1 深度学习入门：基于Python的理论与实现.pdf_545	browser_acceptance_policy.txt_0 企业管理制度手册.txt_3 企业管理制度手册.txt_4 深度学习入门：基于Python的理论与实现.pdf_510 差旅费报销细则_2026版.txt_1
business_evaluation_100.jsonl	metric-04	DIFF	0	0.000	0.000	0	5	YES			制度与口径登记表.txt_3 制度与口径登记表.txt_2 制度与口径登记表.txt_0 制度与口径登记表.txt_10 制度与口径登记表.txt_4
business_evaluation_100.jsonl	metric-05	DIFF	0	0.000	0.000	0	5	YES			制度与口径登记表.txt_3 制度与口径登记表.txt_2 制度与口径登记表.txt_0 制度与口径登记表.txt_10 制度与口径登记表.txt_4
business_evaluation_100.jsonl	metric-06	SAME	-	1.000	1.000	5	5			制度与口径登记表.txt_0 制度与口径登记表.txt_3 制度与口径登记表.txt_2 制度与口径登记表.txt_10 制度与口径登记表.txt_4	制度与口径登记表.txt_0 制度与口径登记表.txt_3 制度与口径登记表.txt_2 制度与口径登记表.txt_10 制度与口径登记表.txt_4
business_evaluation_100.jsonl	metric-07	SAME	-	1.000	1.000	5	5			制度与口径登记表.txt_0 制度与口径登记表.txt_3 制度与口径登记表.txt_2 制度与口径登记表.txt_10 制度与口径登记表.txt_4	制度与口径登记表.txt_0 制度与口径登记表.txt_3 制度与口径登记表.txt_2 制度与口径登记表.txt_10 制度与口径登记表.txt_4
business_evaluation_100.jsonl	metric-08	SAME	-	1.000	1.000	5	5			制度与口径登记表.txt_3 制度与口径登记表.txt_0 制度与口径登记表.txt_2 制度与口径登记表.txt_10 制度与口径登记表.txt_4	制度与口径登记表.txt_3 制度与口径登记表.txt_0 制度与口径登记表.txt_2 制度与口径登记表.txt_10 制度与口径登记表.txt_4
business_evaluation_100.jsonl	metric-09	SAME	-	1.000	1.000	5	5			制度与口径登记表.txt_3 制度与口径登记表.txt_0 制度与口径登记表.txt_2 制度与口径登记表.txt_10 制度与口径登记表.txt_4	制度与口径登记表.txt_3 制度与口径登记表.txt_0 制度与口径登记表.txt_2 制度与口径登记表.txt_10 制度与口径登记表.txt_4
business_evaluation_100.jsonl	metric-10	DIFF	0	0.000	0.000	0	5	YES			制度与口径登记表.txt_3 制度与口径登记表.txt_0 深度学习入门：基于Python的理论与实现.pdf_286 员工培训与发展管理办法.txt_2 IT安全管理制度V3.1.txt_6
business_evaluation_100.jsonl	metric-11	DIFF	0	0.000	0.000	0	5	YES			制度与口径登记表.txt_3 制度与口径登记表.txt_0 深度学习入门：基于Python的理论与实现.pdf_286 员工培训与发展管理办法.txt_2 IT安全管理制度V3.1.txt_6
business_evaluation_100.jsonl	metric-12	SAME	-	1.000	1.000	5	5			员工手册_2025正式版.txt_2 深度学习入门：基于Python的理论与实现.pdf_200 员工培训与发展管理办法.txt_2 员工绩效考核办法V1.0.txt_4 案例_国信证券.txt_1	员工手册_2025正式版.txt_2 深度学习入门：基于Python的理论与实现.pdf_200 员工培训与发展管理办法.txt_2 员工绩效考核办法V1.0.txt_4 案例_国信证券.txt_1
business_evaluation_100.jsonl	metric-13	DIFF	0	0.000	0.000	0	5	YES			员工培训与发展管理办法.txt_2 深度学习入门：基于Python的理论与实现.pdf_534 案例_比亚迪电池事业部.txt_0 制度与口径登记表.txt_3 员工手册_2025正式版.txt_2
business_evaluation_100.jsonl	metric-14	SAME	-	1.000	1.000	5	5			制度与口径登记表.txt_0 制度与口径登记表.txt_3 制度与口径登记表.txt_2 制度与口径登记表.txt_10 制度与口径登记表.txt_4	制度与口径登记表.txt_0 制度与口径登记表.txt_3 制度与口径登记表.txt_2 制度与口径登记表.txt_10 制度与口径登记表.txt_4
business_evaluation_100.jsonl	metric-15	SAME	-	1.000	1.000	5	5			制度与口径登记表.txt_0 制度与口径登记表.txt_3 制度与口径登记表.txt_2 制度与口径登记表.txt_10 制度与口径登记表.txt_4	制度与口径登记表.txt_0 制度与口径登记表.txt_3 制度与口径登记表.txt_2 制度与口径登记表.txt_10 制度与口径登记表.txt_4
business_evaluation_100.jsonl	metric-16	SAME	-	1.000	1.000	5	5			深度学习入门：基于Python的理论与实现.pdf_286 案例_国信证券.txt_1 财务管理制度_V2.0.txt_2 采购管理制度_最新.txt_1 员工培训与发展管理办法.txt_2	深度学习入门：基于Python的理论与实现.pdf_286 案例_国信证券.txt_1 财务管理制度_V2.0.txt_2 采购管理制度_最新.txt_1 员工培训与发展管理办法.txt_2
business_evaluation_100.jsonl	metric-17	SAME	-	1.000	1.000	5	5			深度学习入门：基于Python的理论与实现.pdf_286 案例_国信证券.txt_1 财务管理制度_V2.0.txt_2 采购管理制度_最新.txt_1 员工培训与发展管理办法.txt_2	深度学习入门：基于Python的理论与实现.pdf_286 案例_国信证券.txt_1 财务管理制度_V2.0.txt_2 采购管理制度_最新.txt_1 员工培训与发展管理办法.txt_2
business_evaluation_100.jsonl	metric-18	DIFF	0	0.000	0.000	0	5	YES			员工培训与发展管理办法.txt_2 制度与口径登记表.txt_3 制度与口径登记表.txt_2 制度与口径登记表.txt_6 IT安全管理制度V3.1.txt_6
business_evaluation_100.jsonl	metric-19	DIFF	0	0.000	0.000	0	5	YES			员工培训与发展管理办法.txt_2 制度与口径登记表.txt_3 IT安全管理制度V3.1.txt_6 知识产权与专利管理制度.txt_2 安全生产管理制度.txt_5
business_evaluation_100.jsonl	data-01	DIFF	1	0.800	0.667	5	5			深度学习入门：基于Python的理论与实现.pdf_50 制度与口径登记表.txt_3 制度与口径登记表.txt_0 深度学习入门：基于Python的理论与实现.pdf_509 深度学习入门：基于Python的理论与实现.pdf_288	深度学习入门：基于Python的理论与实现.pdf_50 深度学习入门：基于Python的理论与实现.pdf_510 制度与口径登记表.txt_3 制度与口径登记表.txt_0 深度学习入门：基于Python的理论与实现.pdf_509
business_evaluation_100.jsonl	data-02	DIFF	3	0.600	0.429	5	5			深度学习入门：基于Python的理论与实现.pdf_50 制度与口径登记表.txt_0 制度与口径登记表.txt_3 深度学习入门：基于Python的理论与实现.pdf_215 深度学习入门：基于Python的理论与实现.pdf_286	深度学习入门：基于Python的理论与实现.pdf_50 制度与口径登记表.txt_0 制度与口径登记表.txt_3 深度学习入门：基于Python的理论与实现.pdf_534 深度学习入门：基于Python的理论与实现.pdf_510
business_evaluation_100.jsonl	data-03	DIFF	3	0.800	0.667	5	5			深度学习入门：基于Python的理论与实现.pdf_288 深度学习入门：基于Python的理论与实现.pdf_509 深度学习入门：基于Python的理论与实现.pdf_46 高新技术企业认定管理办法_摘录.txt_0 深度学习入门：基于Python的理论与实现.pdf_550	深度学习入门：基于Python的理论与实现.pdf_288 深度学习入门：基于Python的理论与实现.pdf_509 深度学习入门：基于Python的理论与实现.pdf_46 深度学习入门：基于Python的理论与实现.pdf_510 高新技术企业认定管理办法_摘录.txt_0
business_evaluation_100.jsonl	data-04	SAME	-	1.000	1.000	5	5			browser_acceptance_policy.txt_0 差旅费报销细则_2026版.txt_2 深度学习入门：基于Python的理论与实现.pdf_281 制度与口径登记表.txt_7 企业管理制度手册.txt_3	browser_acceptance_policy.txt_0 差旅费报销细则_2026版.txt_2 深度学习入门：基于Python的理论与实现.pdf_281 制度与口径登记表.txt_7 企业管理制度手册.txt_3
business_evaluation_100.jsonl	data-05	SAME	-	1.000	1.000	5	5			深度学习入门：基于Python的理论与实现.pdf_286 财务管理制度_V2.0.txt_2 采购管理制度_最新.txt_1 供应商管理制度_含评估表.txt_2 案例_国信证券.txt_0	深度学习入门：基于Python的理论与实现.pdf_286 财务管理制度_V2.0.txt_2 采购管理制度_最新.txt_1 供应商管理制度_含评估表.txt_2 案例_国信证券.txt_0
business_evaluation_100.jsonl	data-06	SAME	-	1.000	1.000	5	5			供应商管理制度_含评估表.txt_2 深度学习入门：基于Python的理论与实现.pdf_288 深度学习入门：基于Python的理论与实现.pdf_286 采购管理制度_最新.txt_1 案例_美的集团供应链.txt_2	供应商管理制度_含评估表.txt_2 深度学习入门：基于Python的理论与实现.pdf_288 深度学习入门：基于Python的理论与实现.pdf_286 采购管理制度_最新.txt_1 案例_美的集团供应链.txt_2
business_evaluation_100.jsonl	data-07	SAME	-	1.000	1.000	5	5		YES	财务管理制度_V2.0.txt_1 深度学习入门：基于Python的理论与实现.pdf_286 深度学习入门：基于Python的理论与实现.pdf_287 差旅费报销细则_2026版.txt_2 档案管理办法.txt_1	财务管理制度_V2.0.txt_1 深度学习入门：基于Python的理论与实现.pdf_286 深度学习入门：基于Python的理论与实现.pdf_287 差旅费报销细则_2026版.txt_2 档案管理办法.txt_1
business_evaluation_100.jsonl	data-08	DIFF	0	0.000	0.000	0	5	YES	YES		browser_acceptance_policy.txt_0 差旅费报销细则_2026版.txt_2 供应商管理制度_含评估表.txt_1 深度学习入门：基于Python的理论与实现.pdf_534 合同管理办法_法务版.txt_1
business_evaluation_100.jsonl	data-09	DIFF	1	0.800	0.667	5	5			深度学习入门：基于Python的理论与实现.pdf_375 深度学习入门：基于Python的理论与实现.pdf_202 深度学习入门：基于Python的理论与实现.pdf_48 深度学习入门：基于Python的理论与实现.pdf_288 深度学习入门：基于Python的理论与实现.pdf_286	深度学习入门：基于Python的理论与实现.pdf_375 深度学习入门：基于Python的理论与实现.pdf_510 深度学习入门：基于Python的理论与实现.pdf_202 深度学习入门：基于Python的理论与实现.pdf_48 深度学习入门：基于Python的理论与实现.pdf_288
business_evaluation_100.jsonl	data-10	SAME	-	1.000	1.000	5	5			深度学习入门：基于Python的理论与实现.pdf_113 差旅费报销细则_2026版.txt_1 深度学习入门：基于Python的理论与实现.pdf_288 深度学习入门：基于Python的理论与实现.pdf_196 案例_瑞康医药.txt_0	深度学习入门：基于Python的理论与实现.pdf_113 差旅费报销细则_2026版.txt_1 深度学习入门：基于Python的理论与实现.pdf_288 深度学习入门：基于Python的理论与实现.pdf_196 案例_瑞康医药.txt_0
business_evaluation_100.jsonl	data-11	SAME	-	1.000	1.000	5	5			深度学习入门：基于Python的理论与实现.pdf_39 深度学习入门：基于Python的理论与实现.pdf_52 深度学习入门：基于Python的理论与实现.pdf_50 IT安全管理制度V3.1.txt_6 深度学习入门：基于Python的理论与实现.pdf_286	深度学习入门：基于Python的理论与实现.pdf_39 深度学习入门：基于Python的理论与实现.pdf_52 深度学习入门：基于Python的理论与实现.pdf_50 IT安全管理制度V3.1.txt_6 深度学习入门：基于Python的理论与实现.pdf_286
business_evaluation_100.jsonl	data-12	SAME	-	1.000	1.000	5	5		YES	深度学习入门：基于Python的理论与实现.pdf_52 IT安全管理制度V3.1.txt_6 安全生产管理制度.txt_5 深度学习入门：基于Python的理论与实现.pdf_288 知识产权与专利管理制度.txt_2	深度学习入门：基于Python的理论与实现.pdf_52 IT安全管理制度V3.1.txt_6 安全生产管理制度.txt_5 深度学习入门：基于Python的理论与实现.pdf_288 知识产权与专利管理制度.txt_2
business_evaluation_100.jsonl	insight-01	DIFF	1	0.800	0.667	5	5			制度与口径登记表.txt_7 深度学习入门：基于Python的理论与实现.pdf_375 新员工入职指南_V2.txt_2 深度学习入门：基于Python的理论与实现.pdf_202 深度学习入门：基于Python的理论与实现.pdf_286	制度与口径登记表.txt_7 深度学习入门：基于Python的理论与实现.pdf_510 深度学习入门：基于Python的理论与实现.pdf_375 新员工入职指南_V2.txt_2 深度学习入门：基于Python的理论与实现.pdf_202
business_evaluation_100.jsonl	insight-02	DIFF	0	0.000	0.000	0	5	YES			制度与口径登记表.txt_3 案例_比亚迪电池事业部.txt_2 深度学习入门：基于Python的理论与实现.pdf_52 深度学习入门：基于Python的理论与实现.pdf_286 深度学习入门：基于Python的理论与实现.pdf_202
business_evaluation_100.jsonl	insight-03	DIFF	0	0.600	0.429	5	5			深度学习入门：基于Python的理论与实现.pdf_290 销售话术培训_应对话术集.txt_1 深度学习入门：基于Python的理论与实现.pdf_188 深度学习入门：基于Python的理论与实现.pdf_288 年度经营报告2026H1.txt_11	深度学习入门：基于Python的理论与实现.pdf_510 深度学习入门：基于Python的理论与实现.pdf_290 深度学习入门：基于Python的理论与实现.pdf_502 销售话术培训_应对话术集.txt_1 深度学习入门：基于Python的理论与实现.pdf_188
business_evaluation_100.jsonl	insight-04	SAME	-	1.000	1.000	5	5			企业管理制度手册.txt_1 财务管理制度_V2.0.txt_4 销售部2026年Q2会议纪要.txt_2 仓库管理标准操作规程.txt_3 软件产品增值税即征即退政策.txt_1	企业管理制度手册.txt_1 财务管理制度_V2.0.txt_4 销售部2026年Q2会议纪要.txt_2 仓库管理标准操作规程.txt_3 软件产品增值税即征即退政策.txt_1
business_evaluation_100.jsonl	insight-05	DIFF	0	0.600	0.429	5	5		YES	深度学习入门：基于Python的理论与实现.pdf_113 深度学习入门：基于Python的理论与实现.pdf_41 深度学习入门：基于Python的理论与实现.pdf_375 案例_广东省人民医院.txt_2 深度学习入门：基于Python的理论与实现.pdf_200	深度学习入门：基于Python的理论与实现.pdf_201 深度学习入门：基于Python的理论与实现.pdf_113 深度学习入门：基于Python的理论与实现.pdf_41 深度学习入门：基于Python的理论与实现.pdf_375 深度学习入门：基于Python的理论与实现.pdf_502
business_evaluation_100.jsonl	insight-06	DIFF	0	0.000	0.000	0	5	YES	YES		制度与口径登记表.txt_3 深度学习入门：基于Python的理论与实现.pdf_288 深度学习入门：基于Python的理论与实现.pdf_286 制度与口径登记表.txt_0 深度学习入门：基于Python的理论与实现.pdf_510
business_evaluation_100.jsonl	insight-07	SAME	-	1.000	1.000	5	5		YES	销售部2026年Q2会议纪要.txt_2 财务管理制度_V2.0.txt_4 前台接待标准流程.txt_2 市场营销策略_2026版.txt_2 深度学习入门：基于Python的理论与实现.pdf_286	销售部2026年Q2会议纪要.txt_2 财务管理制度_V2.0.txt_4 前台接待标准流程.txt_2 市场营销策略_2026版.txt_2 深度学习入门：基于Python的理论与实现.pdf_286
business_evaluation_100.jsonl	chart-01	SAME	-	1.000	1.000	5	5			制度与口径登记表.txt_3 制度与口径登记表.txt_0 制度与口径登记表.txt_4 制度与口径登记表.txt_2 深度学习入门：基于Python的理论与实现.pdf_52	制度与口径登记表.txt_3 制度与口径登记表.txt_0 制度与口径登记表.txt_4 制度与口径登记表.txt_2 深度学习入门：基于Python的理论与实现.pdf_52
business_evaluation_100.jsonl	chart-02	SAME	-	1.000	1.000	5	5			财务管理制度_V2.0.txt_4 销售部2026年Q2会议纪要.txt_2 软件产品增值税即征即退政策.txt_1 企业管理制度手册.txt_1 员工绩效考核办法V1.0.txt_4	财务管理制度_V2.0.txt_4 销售部2026年Q2会议纪要.txt_2 软件产品增值税即征即退政策.txt_1 企业管理制度手册.txt_1 员工绩效考核办法V1.0.txt_4
business_evaluation_100.jsonl	chart-03	DIFF	1	0.800	0.667	5	5			深度学习入门：基于Python的理论与实现.pdf_200 深度学习入门：基于Python的理论与实现.pdf_375 深度学习入门：基于Python的理论与实现.pdf_279 案例_广东省人民医院.txt_2 深度学习入门：基于Python的理论与实现.pdf_44	深度学习入门：基于Python的理论与实现.pdf_200 深度学习入门：基于Python的理论与实现.pdf_510 深度学习入门：基于Python的理论与实现.pdf_375 深度学习入门：基于Python的理论与实现.pdf_279 案例_广东省人民医院.txt_2
business_evaluation_100.jsonl	chart-04	DIFF	0	0.000	0.000	0	5	YES			制度与口径登记表.txt_3 制度与口径登记表.txt_0 制度与口径登记表.txt_2 制度与口径登记表.txt_10 制度与口径登记表.txt_4
business_evaluation_100.jsonl	approval-01	SAME	-	1.000	1.000	5	5			browser_acceptance_policy.txt_0 年度经营报告2026H1.txt_1 市场营销策略_2026版.txt_2 深度学习入门：基于Python的理论与实现.pdf_282 2026年Q2经营分析报告.txt_2	browser_acceptance_policy.txt_0 年度经营报告2026H1.txt_1 市场营销策略_2026版.txt_2 深度学习入门：基于Python的理论与实现.pdf_282 2026年Q2经营分析报告.txt_2
business_evaluation_100.jsonl	approval-02	DIFF	0	0.800	0.667	5	5			深度学习入门：基于Python的理论与实现.pdf_290 销售话术培训_应对话术集.txt_1 年度经营报告2026H1.txt_11 深度学习入门：基于Python的理论与实现.pdf_288 深度学习入门：基于Python的理论与实现.pdf_188	深度学习入门：基于Python的理论与实现.pdf_510 深度学习入门：基于Python的理论与实现.pdf_290 销售话术培训_应对话术集.txt_1 年度经营报告2026H1.txt_11 深度学习入门：基于Python的理论与实现.pdf_288
business_evaluation_100.jsonl	approval-03	SAME	-	1.000	1.000	5	5		YES	browser_acceptance_policy.txt_0 年度经营报告2026H1.txt_1 市场营销策略_2026版.txt_2 年度经营报告2026H1.txt_3 2026年Q2经营分析报告.txt_2	browser_acceptance_policy.txt_0 年度经营报告2026H1.txt_1 市场营销策略_2026版.txt_2 年度经营报告2026H1.txt_3 2026年Q2经营分析报告.txt_2
business_evaluation_100.jsonl	approval-04	SAME	-	1.000	1.000	5	5			中国数据安全法_重点条款解读.txt_2 案例_广厦建设集团.txt_0 企业管理制度手册.txt_3 市场营销策略_2026版.txt_2 年度经营报告2026H1.txt_3	中国数据安全法_重点条款解读.txt_2 案例_广厦建设集团.txt_0 企业管理制度手册.txt_3 市场营销策略_2026版.txt_2 年度经营报告2026H1.txt_3
business_evaluation_100.jsonl	approval-05	DIFF	2	0.800	0.667	5	5		YES	新员工入职指南_V2.txt_2 深度学习入门：基于Python的理论与实现.pdf_202 深度学习入门：基于Python的理论与实现.pdf_375 深度学习入门：基于Python的理论与实现.pdf_286 制度与口径登记表.txt_7	新员工入职指南_V2.txt_2 深度学习入门：基于Python的理论与实现.pdf_202 深度学习入门：基于Python的理论与实现.pdf_510 深度学习入门：基于Python的理论与实现.pdf_375 深度学习入门：基于Python的理论与实现.pdf_286
business_evaluation_100.jsonl	approval-06	DIFF	0	0.000	0.000	0	5	YES			销售部2026年Q2会议纪要.txt_2 深度学习入门：基于Python的理论与实现.pdf_534 员工培训与发展管理办法.txt_2 安全生产管理制度.txt_5 知识产权与专利管理制度.txt_2
business_evaluation_100.jsonl	scope-01	DIFF	0	0.000	0.000	0	5	YES			深度学习入门：基于Python的理论与实现.pdf_286 中国制造业数字化转型白皮书_2025.txt_1 企业管理制度手册.txt_3 深度学习入门：基于Python的理论与实现.pdf_375 深度学习入门：基于Python的理论与实现.pdf_289
business_evaluation_100.jsonl	scope-02	DIFF	1	0.800	0.667	5	5			销售策略与客户案例.txt_12 深度学习入门：基于Python的理论与实现.pdf_50 深度学习入门：基于Python的理论与实现.pdf_72 六级作文模板.docx_0 深度学习入门：基于Python的理论与实现.pdf_375	销售策略与客户案例.txt_12 深度学习入门：基于Python的理论与实现.pdf_37 深度学习入门：基于Python的理论与实现.pdf_50 深度学习入门：基于Python的理论与实现.pdf_72 六级作文模板.docx_0
business_evaluation_100.jsonl	scope-03	DIFF	0	0.000	0.000	0	5	YES	YES		知识产权与专利管理制度.txt_0 离职员工告别信_模板.txt_0 财务管理制度_V2.0.txt_0 考勤与假期管理办法.txt_0 知识产权与专利管理制度.txt_2
business_evaluation_100.jsonl	scope-04	SAME	-	1.000	1.000	5	5		YES	深度学习入门：基于Python的理论与实现.pdf_286 深度学习入门：基于Python的理论与实现.pdf_52 案例_明达律师事务所.txt_2 深度学习入门：基于Python的理论与实现.pdf_285 MYOps智能运维平台_产品手册.txt_5	深度学习入门：基于Python的理论与实现.pdf_286 深度学习入门：基于Python的理论与实现.pdf_52 案例_明达律师事务所.txt_2 深度学习入门：基于Python的理论与实现.pdf_285 MYOps智能运维平台_产品手册.txt_5
business_evaluation_100.jsonl	scope-05	DIFF	0	0.000	0.000	0	5	YES			知识产权与专利管理制度.txt_0 财务管理制度_V2.0.txt_0 差旅费报销细则_2026版.txt_0 考勤与假期管理办法.txt_0 离职员工告别信_模板.txt_0
business_evaluation_100.jsonl	scope-06	DIFF	0	0.000	0.000	0	5	YES	YES		制度与口径登记表.txt_3 制度与口径登记表.txt_0 制度与口径登记表.txt_2 深度学习入门：基于Python的理论与实现.pdf_286 深度学习入门：基于Python的理论与实现.pdf_215
business_evaluation_100.jsonl	unsupported-01	SAME	-	1.000	1.000	5	5		YES	离职员工告别信_模板.txt_0 知识产权与专利管理制度.txt_2 财务管理制度_V2.0.txt_0 安全生产管理制度.txt_5 差旅费报销细则_2026版.txt_0	离职员工告别信_模板.txt_0 知识产权与专利管理制度.txt_2 财务管理制度_V2.0.txt_0 安全生产管理制度.txt_5 差旅费报销细则_2026版.txt_0
business_evaluation_100.jsonl	unsupported-02	SAME	-	1.000	1.000	5	5		YES	财务管理制度_V2.0.txt_0 深度学习入门：基于Python的理论与实现.pdf_40 考勤与假期管理办法.txt_0 知识产权与专利管理制度.txt_2 知识产权与专利管理制度.txt_0	财务管理制度_V2.0.txt_0 深度学习入门：基于Python的理论与实现.pdf_40 考勤与假期管理办法.txt_0 知识产权与专利管理制度.txt_2 知识产权与专利管理制度.txt_0
business_evaluation_100.jsonl	unsupported-03	DIFF	0	0.800	0.667	5	5		YES	深度学习入门：基于Python的理论与实现.pdf_40 深度学习入门：基于Python的理论与实现.pdf_286 深度学习入门：基于Python的理论与实现.pdf_288 高新技术企业认定管理办法_摘录.txt_1 深度学习入门：基于Python的理论与实现.pdf_48	深度学习入门：基于Python的理论与实现.pdf_510 深度学习入门：基于Python的理论与实现.pdf_40 深度学习入门：基于Python的理论与实现.pdf_286 深度学习入门：基于Python的理论与实现.pdf_288 高新技术企业认定管理办法_摘录.txt_1
business_evaluation_100.jsonl	unsupported-04	SAME	-	1.000	1.000	5	5		YES	销售部2026年Q2会议纪要.txt_2 深度学习入门：基于Python的理论与实现.pdf_387 深度学习入门：基于Python的理论与实现.pdf_40 市场营销策略_2026版.txt_2 企业管理制度手册.txt_1	销售部2026年Q2会议纪要.txt_2 深度学习入门：基于Python的理论与实现.pdf_387 深度学习入门：基于Python的理论与实现.pdf_40 市场营销策略_2026版.txt_2 企业管理制度手册.txt_1
business_evaluation_100.jsonl	tool-01	DIFF	0	0.000	0.000	0	5	YES			市场营销策略_2026版.txt_2 深度学习入门：基于Python的理论与实现.pdf_563 深度学习入门：基于Python的理论与实现.pdf_226 深度学习入门：基于Python的理论与实现.pdf_527 深度学习入门：基于Python的理论与实现.pdf_224
business_evaluation_100.jsonl	tool-02	SAME	-	1.000	1.000	5	5			深度学习入门：基于Python的理论与实现.pdf_563 深度学习入门：基于Python的理论与实现.pdf_226 采购管理制度_最新.txt_2 深度学习入门：基于Python的理论与实现.pdf_279 深度学习入门：基于Python的理论与实现.pdf_52	深度学习入门：基于Python的理论与实现.pdf_563 深度学习入门：基于Python的理论与实现.pdf_226 采购管理制度_最新.txt_2 深度学习入门：基于Python的理论与实现.pdf_279 深度学习入门：基于Python的理论与实现.pdf_52
business_evaluation_100.jsonl	tool-03	SAME	-	1.000	1.000	5	5		YES	深度学习入门：基于Python的理论与实现.pdf_436 深度学习入门：基于Python的理论与实现.pdf_288 深度学习入门：基于Python的理论与实现.pdf_230 深度学习入门：基于Python的理论与实现.pdf_202 深度学习入门：基于Python的理论与实现.pdf_423	深度学习入门：基于Python的理论与实现.pdf_436 深度学习入门：基于Python的理论与实现.pdf_288 深度学习入门：基于Python的理论与实现.pdf_230 深度学习入门：基于Python的理论与实现.pdf_202 深度学习入门：基于Python的理论与实现.pdf_423
business_evaluation_100.jsonl	tool-04	DIFF	0	0.000	0.000	0	5	YES			深度学习入门：基于Python的理论与实现.pdf_286 中国网络安全法_相关条款摘要.txt_2 深度学习入门：基于Python的理论与实现.pdf_52 六级作文模板.docx_2 深度学习入门：基于Python的理论与实现.pdf_106
business_evaluation_100.jsonl	report-01	SAME	-	1.000	1.000	5	5			安全生产管理制度.txt_5 员工培训与发展管理办法.txt_2 IT安全管理制度V3.1.txt_6 员工绩效考核办法V1.0.txt_4 财务管理制度_V2.0.txt_4	安全生产管理制度.txt_5 员工培训与发展管理办法.txt_2 IT安全管理制度V3.1.txt_6 员工绩效考核办法V1.0.txt_4 财务管理制度_V2.0.txt_4
business_evaluation_100.jsonl	report-02	SAME	-	1.000	1.000	5	5			制度与口径登记表.txt_3 制度与口径登记表.txt_7 制度与口径登记表.txt_0 制度与口径登记表.txt_10 制度与口径登记表.txt_2	制度与口径登记表.txt_3 制度与口径登记表.txt_7 制度与口径登记表.txt_0 制度与口径登记表.txt_10 制度与口径登记表.txt_2
business_evaluation_100.jsonl	report-03	SAME	-	1.000	1.000	5	5		YES	深度学习入门：基于Python的理论与实现.pdf_536 供应商管理制度_含评估表.txt_0 深度学习入门：基于Python的理论与实现.pdf_245 采购管理制度_最新.txt_0 深度学习入门：基于Python的理论与实现.pdf_538	深度学习入门：基于Python的理论与实现.pdf_536 供应商管理制度_含评估表.txt_0 深度学习入门：基于Python的理论与实现.pdf_245 采购管理制度_最新.txt_0 深度学习入门：基于Python的理论与实现.pdf_538
business_evaluation_100.jsonl	report-04	SAME	-	1.000	1.000	5	5			深度学习入门：基于Python的理论与实现.pdf_375 深度学习入门：基于Python的理论与实现.pdf_288 深度学习入门：基于Python的理论与实现.pdf_44 深度学习入门：基于Python的理论与实现.pdf_358 深度学习入门：基于Python的理论与实现.pdf_93	深度学习入门：基于Python的理论与实现.pdf_375 深度学习入门：基于Python的理论与实现.pdf_288 深度学习入门：基于Python的理论与实现.pdf_44 深度学习入门：基于Python的理论与实现.pdf_358 深度学习入门：基于Python的理论与实现.pdf_93
business_evaluation_100.jsonl	report-05	DIFF	2	0.800	0.667	5	5			采购管理制度_最新.txt_2 深度学习入门：基于Python的理论与实现.pdf_436 深度学习入门：基于Python的理论与实现.pdf_160 深度学习入门：基于Python的理论与实现.pdf_288 深度学习入门：基于Python的理论与实现.pdf_113	采购管理制度_最新.txt_2 深度学习入门：基于Python的理论与实现.pdf_436 深度学习入门：基于Python的理论与实现.pdf_451 深度学习入门：基于Python的理论与实现.pdf_160 深度学习入门：基于Python的理论与实现.pdf_288
business_evaluation_100.jsonl	report-06	SAME	-	1.000	1.000	5	5			深度学习入门：基于Python的理论与实现.pdf_52 离职员工告别信_模板.txt_0 合同管理办法_法务版.txt_2 安全生产管理制度.txt_5 深度学习入门：基于Python的理论与实现.pdf_387	深度学习入门：基于Python的理论与实现.pdf_52 离职员工告别信_模板.txt_0 合同管理办法_法务版.txt_2 安全生产管理制度.txt_5 深度学习入门：基于Python的理论与实现.pdf_387
business_evaluation_100.jsonl	report-07	DIFF	1	0.800	0.667	5	5		YES	深度学习入门：基于Python的理论与实现.pdf_200 深度学习入门：基于Python的理论与实现.pdf_279 深度学习入门：基于Python的理论与实现.pdf_375 深度学习入门：基于Python的理论与实现.pdf_44 深度学习入门：基于Python的理论与实现.pdf_419	深度学习入门：基于Python的理论与实现.pdf_200 深度学习入门：基于Python的理论与实现.pdf_510 深度学习入门：基于Python的理论与实现.pdf_279 深度学习入门：基于Python的理论与实现.pdf_375 深度学习入门：基于Python的理论与实现.pdf_44
business_evaluation_100.jsonl	report-08	DIFF	3	0.800	0.667	5	5		YES	销售策略与客户案例.txt_12 深度学习入门：基于Python的理论与实现.pdf_50 深度学习入门：基于Python的理论与实现.pdf_72 深度学习入门：基于Python的理论与实现.pdf_200 深度学习入门：基于Python的理论与实现.pdf_375	销售策略与客户案例.txt_12 深度学习入门：基于Python的理论与实现.pdf_50 深度学习入门：基于Python的理论与实现.pdf_72 深度学习入门：基于Python的理论与实现.pdf_37 深度学习入门：基于Python的理论与实现.pdf_200
business_evaluation_100.jsonl	report-09	SAME	-	1.000	1.000	5	5		YES	深度学习入门：基于Python的理论与实现.pdf_419 深度学习入门：基于Python的理论与实现.pdf_536 案例_广东省人民医院.txt_2 六级作文模板.docx_2 深度学习入门：基于Python的理论与实现.pdf_52	深度学习入门：基于Python的理论与实现.pdf_419 深度学习入门：基于Python的理论与实现.pdf_536 案例_广东省人民医院.txt_2 六级作文模板.docx_2 深度学习入门：基于Python的理论与实现.pdf_52
business_evaluation_100.jsonl	report-10	SAME	-	1.000	1.000	5	5			深度学习入门：基于Python的理论与实现.pdf_536 深度学习入门：基于Python的理论与实现.pdf_387 深度学习入门：基于Python的理论与实现.pdf_419 市场营销策略_2026版.txt_2 深度学习入门：基于Python的理论与实现.pdf_52	深度学习入门：基于Python的理论与实现.pdf_536 深度学习入门：基于Python的理论与实现.pdf_387 深度学习入门：基于Python的理论与实现.pdf_419 市场营销策略_2026版.txt_2 深度学习入门：基于Python的理论与实现.pdf_52
business_evaluation_100.jsonl	report-11	SAME	-	1.000	1.000	5	5			案例_比亚迪电池事业部.txt_0 制度与口径登记表.txt_0 制度与口径登记表.txt_3 制度与口径登记表.txt_4 员工培训与发展管理办法.txt_2	案例_比亚迪电池事业部.txt_0 制度与口径登记表.txt_0 制度与口径登记表.txt_3 制度与口径登记表.txt_4 员工培训与发展管理办法.txt_2
business_evaluation_100.jsonl	report-12	DIFF	0	0.000	0.000	0	5	YES			深度学习入门：基于Python的理论与实现.pdf_52 中国网络安全法_相关条款摘要.txt_2 深度学习入门：基于Python的理论与实现.pdf_50 深度学习入门：基于Python的理论与实现.pdf_202 深度学习入门：基于Python的理论与实现.pdf_375
